Label,precision,recall,f1-score,support
A,0.5226130653266332,0.7123287671232876,0.6028985507246377,146.0
B,0.6204819277108434,0.5852272727272727,0.6023391812865497,352.0
C,0.7733887733887734,0.6607460035523979,0.7126436781609196,563.0
D,0.7301587301587301,0.8389057750759878,0.7807637906647807,329.0
accuracy,0.6892086330935252,0.6892086330935252,0.6892086330935252,0.6892086330935252
macro avg,0.661660624146245,0.6993019546197365,0.674661300209222,1390.0
weighted avg,0.6980944228287819,0.6892086330935252,0.689306660540988,1390.0
